class,class_label,feature,coefficient,odds_ratio
2,ลองแน่นอน,most_freq_rtd_brand_ไม่ดื่มกาแฟ Ready to drink เลย,-1.6279434935160964,0.1963329191651802
0,ไม่ลอง,most_freq_rtd_brand_ไม่ดื่มกาแฟ Ready to drink เลย,1.466070490185191,4.332178313322965
2,ลองแน่นอน,most_freq_rtd_tea_brand_Orishi,1.1198183190553532,3.064297428265381
2,ลองแน่นอน,most_freq_rtd_brand_Arabic,1.0247327755131521,2.7863507799144887
2,ลองแน่นอน,most_freq_rtd_brand_Best,0.9126959703501467,2.491029229740119
1,อาจจะลอง,dur_online_1-2 ชม./วัน,-0.8915869332021391,0.4100045863191257
0,ไม่ลอง,most_freq_rtd_brand_กาแฟเน้จอร์กีฟ,0.8398704862707451,2.3160669948819126
0,ไม่ลอง,dur_online_มากกว่า 6 ชม./วัน,-0.8333988167573421,0.43456975046009244
1,อาจจะลอง,dur_online_มากกว่า 6 ชม./วัน,0.8225845737042897,2.2763757017392376
0,ไม่ลอง,dur_online_5-6 ชม./วัน,0.7628796923296784,2.144442672608801
1,อาจจะลอง,most_freq_rtd_tea_brand_Orishi,-0.7460215654238959,0.4742495754246136
0,ไม่ลอง,most_freq_rtd_brand_Arabic,-0.6685246946598622,0.5124640613313719
2,ลองแน่นอน,most_freq_rtd_brand_กาแฟเน้จอร์กีฟ,-0.626835380024439,0.5342799213800592
2,ลองแน่นอน,most_freq_rtd_tea_brand_Fukuro,-0.6180403781372804,0.5389996388355492
2,ลองแน่นอน,dur_online_5-6 ชม./วัน,-0.6136342193680678,0.5413797966466687
0,ไม่ลอง,most_freq_rtd_tea_brand_ไม่ระบุ,0.6058072043396824,1.8327310003789985
1,อาจจะลอง,most_freq_rtd_tea_brand_Shizikino,0.5989917817400839,1.8202826327286408
2,ลองแน่นอน,dur_online_1-2 ชม./วัน,0.5449816876021901,1.7245768009508378
0,ไม่ลอง,coffee_value,-0.5420899390273066,0.5815316158491761
2,ลองแน่นอน,most_freq_rtd_tea_brand_Orishi Gold,0.5376779921759942,1.712026903360817
0,ไม่ลอง,most_freq_rtd_brand_High Coffee,-0.5229724502402531,0.5927559890555538
0,ไม่ลอง,most_freq_rtd_brand_Best,-0.5224622131447719,0.5930585123224719
1,อาจจะลอง,most_freq_rtd_brand_Newcafe,0.4336747856610306,1.5429170077800518
0,ไม่ลอง,most_freq_rtd_tea_brand_Inncutan,0.4260723488649986,1.5312315539908181
2,ลองแน่นอน,coffee_aroma,0.4231843142635475,1.5268156839421099
0,ไม่ลอง,coffee_aroma,-0.41849665604815267,0.6580353300269575
2,ลองแน่นอน,most_freq_rtd_tea_brand_Inncutan,-0.40311564746413237,0.6682348151929676
0,ไม่ลอง,most_freq_rtd_brand_Newcafe,-0.40283578334991244,0.6684218563094398
0,ไม่ลอง,most_freq_rtd_tea_brand_Fukuro,0.3902556130603639,1.4773583777190897
1,อาจจะลอง,most_freq_rtd_brand_Best,-0.3902337572053745,0.6768986260718779
2,ลองแน่นอน,most_freq_rtd_tea_brand_Shizikino,-0.3814688407957166,0.6828576630280252
0,ไม่ลอง,most_freq_rtd_tea_brand_Orishi,-0.37379675363145737,0.6881167548487614
1,อาจจะลอง,most_freq_rtd_brand_Arabic,-0.3562080808532902,0.7003268804580819
0,ไม่ลอง,dur_online_1-2 ชม./วัน,0.3466052455999495,1.414258330464498
1,อาจจะลอง,most_freq_rtd_brand_High Coffee,0.33939980159467986,1.404104596267402
1,อาจจะลอง,coffee_value,0.3247319667209213,1.3836597294195754
2,ลองแน่นอน,most_freq_rtd_tea_brand_ไม่ระบุ,-0.3120879741723885,0.7319171355916491
1,อาจจะลอง,most_freq_rtd_tea_brand_ไม่ระบุ,-0.29371923016729384,0.7454857719775665
0,ไม่ลอง,dur_online_3-4 ชม./วัน,-0.27980605657945756,0.7559303349546965
1,อาจจะลอง,most_freq_rtd_tea_brand_Orishi Gold,-0.2783125706251779,0.757060149763635
0,ไม่ลอง,most_freq_rtd_tea_brand_Orishi Gold,-0.2593654215508165,0.7715410338032777
0,ไม่ลอง,most_freq_rtd_tea_brand_Tea P+,-0.24318766425741767,0.7841243478496344
1,อาจจะลอง,most_freq_rtd_tea_brand_Fukuro,0.22778476507691653,1.255815001096601
1,อาจจะลอง,dur_online_3-4 ชม./วัน,0.21987156619560735,1.245916702489035
0,ไม่ลอง,most_freq_rtd_brand_SCC,-0.2178370285135127,0.8042565018643578
0,ไม่ลอง,most_freq_rtd_tea_brand_Shizikino,-0.21752294094436747,0.8045091485085059
2,ลองแน่นอน,coffee_value,0.21735797230638507,1.2427889065304074
1,อาจจะลอง,most_freq_rtd_brand_กาแฟเน้จอร์กีฟ,-0.2130351062463063,0.8081277663860809
1,อาจจะลอง,most_freq_rtd_tea_brand_Tea P+,0.19992309883352757,1.2213088344748015
2,ลองแน่นอน,most_freq_rtd_brand_High Coffee,0.1835726486455733,1.2015022497522072
1,อาจจะลอง,most_freq_rtd_tea_brand_Pokka,0.1827146429369505,1.2004717960937734
0,ไม่ลอง,most_freq_rtd_tea_brand_ITONO,-0.16799799675755644,0.8453555281350363
1,อาจจะลอง,most_freq_rtd_brand_ไม่ดื่มกาแฟ Ready to drink เลย,0.16187300333090493,1.1757109204688567
0,ไม่ลอง,most_freq_rtd_tea_brand_Pokka,-0.15514281681209877,0.8562928757317133
1,อาจจะลอง,dur_online_5-6 ชม./วัน,-0.1492454729616105,0.8613576489323423
1,อาจจะลอง,most_freq_rtd_brand_Binary,-0.1482115086993813,0.862248722548087
2,ลองแน่นอน,most_freq_rtd_brand_Binary,0.11852440875390605,1.1258343539802946
2,ลองแน่นอน,most_freq_rtd_brand_SCC,0.11699919394048242,1.1241185235837368
1,อาจจะลอง,most_freq_rtd_brand_SCC,0.10083783457303036,1.1060972564849036
1,อาจจะลอง,most_freq_rtd_tea_brand_ITONO,0.09914108695648412,1.1042220799018723
1,อาจจะลอง,most_freq_rtd_brand_Kokiko,0.07352676158085372,1.076297339704762
2,ลองแน่นอน,most_freq_rtd_tea_brand_ITONO,0.06885690980107238,1.0712829080962416
2,ลองแน่นอน,most_freq_rtd_brand_Kokiko,-0.06881091968058288,0.9335031704698956
2,ลองแน่นอน,dur_online_3-4 ชม./วัน,0.059934490383850215,1.061766988319173
2,ลองแน่นอน,most_freq_rtd_tea_brand_Tea P+,0.043264565423890046,1.044214121260646
1,อาจจะลอง,most_freq_rtd_tea_brand_ไม่ดื่มชาพร้อมดื่ม (Ready to drink) เลย,0.03407842580941793,1.034665748045057
2,ลองแน่นอน,most_freq_rtd_brand_Newcafe,-0.030839002311118618,0.9696316689679199
0,ไม่ลอง,most_freq_rtd_brand_Binary,0.029687099945475234,1.0301321551124663
2,ลองแน่นอน,most_freq_rtd_tea_brand_Pokka,-0.027571826124851775,0.9728048072445061
2,ลองแน่นอน,most_freq_rtd_tea_brand_ไม่ดื่มชาพร้อมดื่ม (Ready to drink) เลย,-0.025236918090915546,0.9750788708359237
1,อาจจะลอง,most_freq_rtd_tea_brand_Inncutan,-0.02295670140086613,0.9773047987858943
2,ลองแน่นอน,dur_online_มากกว่า 6 ชม./วัน,0.010814243053052555,1.01087292833431
0,ไม่ลอง,most_freq_rtd_tea_brand_ไม่ดื่มชาพร้อมดื่ม (Ready to drink) เลย,-0.008841507718502234,0.9911974634715991
0,ไม่ลอง,most_freq_rtd_brand_Kokiko,-0.004715841900270865,0.9952952602233338
1,อาจจะลอง,coffee_aroma,-0.0046876582153962095,0.9953233117066005
